index	english	greek	isopsephy
0	abandon	αμπανντον	642
1	ability	αμπιλιτυ	871
2	able	αμπλε	156
3	about	αμπουτ	891
4	above	αμποβε	198
5	absent	αμπσεντ	676
6	absorb	αμπσορμπ	611
7	abstract	αμπστρακτ	1042
8	absurd	αμπσυρντ	1171
9	abuse	αμπυσε	726
10	access	ακκεσς	446
11	accident	ακκιντεντ	756
12	account	ακκουντ	861
13	accuse	ακκυσε	646
14	achieve	ακηιεβε	51
15	acid	ακιντ	381
16	acoustic	ακουστικ	1021
17	acquire	ακκυιρε	556
18	across	ακροσς	591
19	act	ακτ	321
20	action	ακτιον	451
21	actor	ακτορ	491
22	actress	ακτρεσς	826
23	actual	ακτυαλ	752
24	adapt	ανταπτ	732
25	add	αντντ	701
26	addict	αντντικτ	1031
27	address	αντντρεσς	1206
28	adjust	ανττζυστ	1558
29	admit	αντμιτ	701
30	adult	αντυλτ	1081
31	advance	αντβανκε	429
32	advice	αντβικε	388
33	aerobic	αερομπικ	326
34	affair	αφφαιρ	1112
35	afford	αφφορντ	1521
36	afraid	αφραιντ	962
37	again	αγκαιν	85
38	age	αγκε	29
39	agent	αγκεντ	379
40	agree	αγκρεε	134
41	ahead	αηεαντ	365
42	aim	αιμ	51
43	air	αιρ	111
44	airport	αιρπορτ	661
45	aisle	αισλε	246
46	alarm	αλαρμ	172
47	album	αλμπυμ	591
48	alcohol	αλκοηολ	229
49	alert	αλερτ	436
50	alien	αλιεν	96
51	all	αλλ	61
52	alley	αλλευ	466
53	allow	αλλου	531
54	almost	αλμοστ	641
55	alone	αλονε	156
56	alpha	αλπηα	120
57	already	αλρεαντυ	887
58	also	αλσο	301
59	alter	αλτερ	436
60	always	αλυαυς	1032
61	amateur	αματευρ	847
62	amazing	αμαζινγκ	132
63	among	αμονγκ	184
64	amount	αμουντ	861
65	amused	αμυσεντ	996
66	analyst	αναλυστ	982
67	anchor	ανκηορ	249
68	ancient	ανκιεντ	436
69	anger	ανγκερ	179
70	angle	ανγκλε	109
71	angry	ανγκρυ	574
72	animal	ανιμαλ	132
73	ankle	ανκλε	106
74	announce	αννουνκε	646
75	annual	αννυαλ	532
76	another	ανοτηερ	534
77	answer	ανσυερ	756
78	antenna	αντεννα	457
79	antique	αντικυε	786
80	anxiety	ανξιετυ	826
81	any	ανυ	451
82	apart	απαρτ	482
83	apology	απολογκυ	674
84	appear	αππεαρ	267
85	apple	αππλε	196
86	approve	αππροβε	338
87	april	απριλ	221
88	arch	αρκη	129
89	arctic	αρκτικ	451
90	area	αρεα	107
91	arena	αρενα	157
92	argue	αργκυε	529
93	arm	αρμ	141
94	armed	αρμεντ	496
95	armor	αρμορ	311
96	army	αρμυ	541
97	around	αρουνντ	971
98	arrange	αρρανγκε	280
99	arrest	αρρεστ	706
100	arrive	αρριβε	218
101	arrow	αρρου	671
102	art	αρτ	401
103	artefact	αρτεφακτ	1227
104	artist	αρτιστ	911
105	artwork	αρτυορκ	991
106	ask	ασκ	221
107	aspect	ασπεκτ	606
108	assault	ασσαυλτ	1132
109	asset	ασσετ	706
110	assist	ασσιστ	911
111	assume	ασσυμε	846
112	asthma	αστημα	550
113	athlete	ατηλετε	649
114	atom	ατομ	411
115	attack	αττακκ	642
116	attend	αττενντ	1006
117	attitude	αττιτυντε	1666
118	attract	αττρακτ	1022
119	auction	αυκτιον	851
120	audit	αυντιτ	1061
121	august	αυγκυστ	1324
122	aunt	αυντ	751
123	author	αυτηορ	879
124	auto	αυτο	771
125	autumn	αυτυμν	1191
126	average	αβεραγκε	137
127	avocado	αβοκαντο	514
128	avoid	αβοιντ	433
129	awake	αυακε	427
130	aware	αυαρε	507
131	away	αυαυ	802
132	awesome	αυεσομε	721
133	awful	αυφυλ	1331
134	awkward	αυκυαρντ	1272
135	axis	αξις	271
136	baby	μπαμπυ	641
137	bachelor	μπακηελορ	354
138	bacon	μπακον	261
139	badge	μπαντγκε	499
140	bag	μπαγκ	144
141	balance	μπαλανκε	227
142	balcony	μπαλκονυ	691
143	ball	μπαλλ	181
144	bamboo	μπαμμποο	421
145	banana	μπανανα	223
146	banner	μπαννερ	326
147	bar	μπαρ	221
148	barely	μπαρελυ	656
149	bargain	μπαργκαιν	305
150	barrel	μπαρρελ	356
151	base	μπασε	326
152	basic	μπασικ	351
153	basket	μπασκετ	646
154	battle	μπαττλε	756
155	beach	μπεακη	154
156	bean	μπεαν	176
157	beauty	μπεαυτυ	1226
158	because	μπεκαυσε	751
159	become	μπεκομε	260
160	beef	μπεεφ	630
161	before	μπεφορε	800
162	begin	μπεγκιν	208
163	behave	μπεηαβε	141
164	behind	μπεηινντ	543
165	believe	μπελιεβε	177
166	below	μπελου	625
167	belt	μπελτ	455
168	bench	μπενκη	203
169	benefit	μπενεφιτ	990
170	best	μπεστ	625
171	betray	μπετραυ	926
172	better	μπεττερ	830
173	between	μπετυεεν	885
174	beyond	μπευονντ	995
175	bicycle	μπικυκλε	605
176	bid	μπιντ	480
177	bike	μπικε	155
178	bind	μπινντ	530
179	biology	μπιολογκυ	723
180	bird	μπιρντ	580
181	birth	μπιρτη	538
182	bitter	μπιττερ	835
183	black	μπλακκ	191
184	blade	μπλαντε	506
185	blame	μπλαμε	196
186	blanket	μπλανκετ	526
187	blast	μπλαστ	651
188	bleak	μπλεακ	176
189	bless	μπλεσς	555
190	blind	μπλινντ	560
191	blood	μπλοοντ	640
192	blossom	μπλοσσομ	730
193	blouse	μπλουσε	825
194	blue	μπλυε	555
195	blur	μπλυρ	650
196	blush	μπλυση	758
197	board	μποαρντ	641
198	boat	μποατ	491
199	body	μποντυ	940
200	boil	μποιλ	230
201	bomb	μπομμπ	350
202	bone	μπονε	245
203	bonus	μπονυς	840
204	book	μποοκ	280
205	boost	μποοστ	760
206	border	μπορντερ	745
207	boring	μπορινγκ	373
208	borrow	μπορρου	860
209	boss	μποσς	590
210	bottom	μποττομ	900
211	bounce	μπουνκε	665
212	box	μποξ	250
213	boy	μπου	590
214	bracket	μπρακκετ	566
215	brain	μπραιν	281
216	brand	μπρανντ	621
217	brass	μπρασς	621
218	brave	μπραβε	228
219	bread	μπρεαντ	576
220	breeze	μπρεεζε	242
221	brick	μπρικκ	270
222	bridge	μπριντγκε	608
223	brief	μπριεφ	735
224	bright	μπριγκητ	561
225	bring	μπρινγκ	303
226	brisk	μπρισκ	450
227	broccoli	μπροκκολι	440
228	broken	μπροκεν	365
229	bronze	μπρονζε	352
230	broom	μπροομ	400
231	brother	μπροτηερ	703
232	brown	μπρουν	740
233	brush	μπρυση	828
234	bubble	μπυμπμπλε	795
235	buddy	μπυντντυ	1620
236	budget	μπυντγκετ	1198
237	buffalo	μπυφφαλο	1621
238	build	μπυιλντ	910
239	bulb	μπυλμπ	670
240	bulk	μπυλκ	570
241	bullet	μπυλλετ	885
242	bundle	μπυνντλε	955
243	bunker	μπυνκερ	695
244	burden	μπυρντεν	1025
245	burger	μπυργκερ	748
246	burst	μπυρστ	1120
247	bus	μπυς	720
248	business	μπυσινεσς	1185
249	busy	μπυσυ	1120
250	butter	μπυττερ	1225
251	buyer	μπυυερ	1025
252	buzz	μπυζζ	534
253	cabbage	καμπμπαγκε	290
254	cabin	καμπιν	201
255	cable	καμπλε	176
256	cactus	κακτυς	941
257	cage	καγκε	49
258	cake	κακε	46
259	call	καλλ	81
260	calm	καλμ	91
261	camera	καμερα	167
262	camp	καμπ	141
263	can	καν	71
264	canal	καναλ	102
265	cancel	κανκελ	126
266	candy	κανντυ	821
267	cannon	καννον	241
268	canoe	κανοε	146
269	canvas	κανβας	274
270	canyon	κανυον	591
271	capable	καπαμπλε	257
272	capital	καπιταλ	442
273	captain	καπταιν	462
274	car	καρ	121
275	carbon	καρμπον	361
276	card	καρντ	471
277	cargo	καργκο	214
278	carpet	καρπετ	506
279	carry	καρρυ	621
280	cart	καρτ	421
281	case	κασε	226
282	cash	καση	229
283	casino	κασινο	351
284	castle	καστλε	556
285	casual	κασυαλ	652
286	cat	κατ	321
287	catalog	καταλογκ	445
288	catch	κατκη	349
289	category	κατεγκορυ	919
290	cattle	καττλε	656
291	caught	καυγκητ	752
292	cause	καυσε	626
293	caution	καυτιον	851
294	cave	καβε	28
295	ceiling	κειλινγκ	148
296	celery	κελερυ	560
297	cement	κεμεντ	420
298	census	κενσυς	875
299	century	κεντυρυ	1275
300	cereal	κερεαλ	161
301	certain	κερταιν	486
302	chair	κηαιρ	139
303	chalk	κηαλκ	79
304	champion	κηαμπιον	279
305	change	κηανγκε	107
306	chaos	κηαος	299
307	chapter	κηαπτερ	514
308	charge	κηαργκε	157
309	chase	κηασε	234
310	chat	κηατ	329
311	cheap	κηεαπ	114
312	check	κηεκκ	73
313	cheese	κηεεσε	243
314	chef	κηεφ	533
315	cherry	κηερρυ	633
316	chest	κηεστ	533
317	chicken	κηικκεν	133
318	chief	κηιεφ	543
319	child	κηιλντ	418
320	chimney	κηιμνευ	533
321	choice	κηοικε	133
322	choose	κηοοσε	373
323	chronic	κηρονικ	278
324	chuckle	κηυκκλε	503
325	chunk	κηυνκ	498
326	churn	κηυρν	578
327	cigar	κιγκαρ	154
328	cinnamon	κινναμον	291
329	circle	κιρκλε	185
330	citizen	κιτιζεν	402
331	city	κιτυ	730
332	civil	κιβιλ	72
333	claim	κλαιμ	101
334	clap	κλαπ	131
335	clarify	κλαριφυ	1061
336	claw	κλαυ	451
337	clay	κλαυ	451
338	clean	κλεαν	106
339	clerk	κλερκ	175
340	clever	κλεβερ	162
341	click	κλικκ	100
342	client	κλιεντ	415
343	cliff	κλιφφ	1060
344	climb	κλιμμπ	220
345	clinic	κλινικ	140
346	clip	κλιπ	140
347	clock	κλοκκ	160
348	clog	κλογκ	143
349	close	κλοσε	325
350	cloth	κλοτη	428
351	cloud	κλουντ	870
352	clown	κλουν	570
353	club	κλυμπ	570
354	clump	κλυμπ	570
355	cluster	κλυστερ	1055
356	clutch	κλυτκη	778
357	coach	κοακη	119
358	coast	κοαστ	591
359	coconut	κοκονυτ	930
360	code	κοντε	445
361	coffee	κοφφεε	1100
362	coil	κοιλ	130
363	coin	κοιν	150
364	collect	κολλεκτ	475
365	color	κολορ	290
366	column	κολυμν	610
367	combine	κομμπινε	315
368	come	κομε	135
369	comfort	κομφορτ	1100
370	comic	κομικ	160
371	common	κομμον	290
372	company	κομπανυ	661
373	concert	κονκερτ	565
374	conduct	κονντυκτ	1210
375	confirm	κονφιρμ	790
376	congress	κονγκρεσς	668
377	connect	κοννεκτ	515
378	consider	κονσιντερ	805
379	control	κοντρολ	640
380	convince	κονβινκε	227
381	cook	κοοκ	180
382	cool	κοολ	190
383	copper	κοππερ	355
384	copy	κοπυ	570
385	coral	κοραλ	221
386	core	κορε	195
387	corn	κορν	240
388	correct	κορρεκτ	615
389	cost	κοστ	590
390	cotton	κοττον	810
391	couch	κουκη	518
392	country	κουντρυ	1340
393	couple	κουπλε	605
394	course	κουρσε	795
395	cousin	κουσιν	750
396	cover	κοβερ	197
397	coyote	κουοτε	865
398	crack	κρακκ	161
399	cradle	κραντλε	506
400	craft	κραφτ	921
401	cram	κραμ	161
402	crane	κρανε	176
403	crash	κραση	329
404	crater	κρατερ	526
405	crawl	κραυλ	551
406	crazy	κραζυ	528
407	cream	κρεαμ	166
408	credit	κρεντιτ	785
409	creek	κρεεκ	150
410	crew	κρευ	525
411	cricket	κρικκετ	475
412	crime	κριμε	175
413	crisp	κρισπ	410
414	critic	κριτικ	460
415	crop	κροπ	270
416	cross	κροσς	590
417	crouch	κρουκη	618
418	crowd	κρουντ	940
419	crucial	κρυκιαλ	581
420	cruel	κρυελ	555
421	cruise	κρυισε	735
422	crumble	κρυμμπλε	715
423	crunch	κρυνκη	598
424	crush	κρυση	728
425	cry	κρυ	520
426	crystal	κρυσταλ	1051
427	cube	κυμπε	545
428	culture	κυλτυρε	1255
429	cup	κυπ	500
430	cupboard	κυπμποαρντ	1141
431	curious	κυριους	1200
432	current	κυρρεντ	975
433	curtain	κυρταιν	881
434	curve	κυρβε	527
435	cushion	κυσηιον	758
436	custom	κυστομ	1030
437	cute	κυτε	725
438	cycle	κυκλε	475
439	dad	νταντ	701
440	damage	νταμαγκε	420
441	damp	νταμπ	471
442	dance	ντανκε	426
443	danger	ντανγκερ	529
444	daring	νταρινγκ	534
445	dash	νταση	559
446	daughter	νταυγκητερ	1187
447	dawn	νταυν	801
448	day	νταυ	751
449	deal	ντεαλ	386
450	debate	ντεμπατε	781
451	debris	ντεμπρις	785
452	decade	ντεκαντε	731
453	december	ντεκεμμπερ	645
454	decide	ντεκιντε	740
455	decline	ντεκλινε	470
456	decorate	ντεκορατε	851
457	decrease	ντεκρεασε	686
458	deer	ντεερ	460
459	defense	ντεφενσε	1115
460	define	ντεφινε	920
461	defy	ντεφυ	1255
462	degree	ντεγκρεε	488
463	delay	ντελαυ	786
464	deliver	ντελιβερ	502
465	demand	ντεμανντ	796
466	demise	ντεμισε	610
467	denial	ντενιαλ	446
468	dentist	ντεντιστ	1215
469	deny	ντενυ	805
470	depart	ντεπαρτ	836
471	depend	ντεπενντ	840
472	deposit	ντεποσιτ	1015
473	depth	ντεπτη	743
474	deputy	ντεπυτυ	1535
475	derive	ντεριβε	472
476	describe	ντεσκριμπε	810
477	desert	ντεσερτ	960
478	design	ντεσιγκν	638
479	desk	ντεσκ	575
480	despair	ντεσπαιρ	746
481	destroy	ντεστρου	1425
482	detail	ντεταιλ	696
483	detect	ντετεκτ	980
484	develop	ντεβελοπ	542
485	device	ντεβικε	392
486	devote	ντεβοτε	732
487	diagram	ντιαγκραμ	525
488	dial	ντιαλ	391
489	diamond	ντιαμονντ	871
490	diary	ντιαρυ	861
491	dice	ντικε	385
492	diesel	ντιεσελ	600
493	diet	ντιετ	665
494	differ	ντιφφερ	1465
495	digital	ντιγκιταλ	724
496	dignity	ντιγκνιτυ	1143
497	dilemma	ντιλεμμα	476
498	dinner	ντιννερ	565
499	dinosaur	ντινοσαυρ	1181
500	direct	ντιρεκτ	785
501	dirt	ντιρτ	760
502	disagree	ντισαγκρεε	694
503	discover	ντισκοβερ	757
504	disease	ντισεασε	771
505	dish	ντιση	568
506	dismiss	ντισμισς	1010
507	disorder	ντισορντερ	1185
508	display	ντισπλαυ	1071
509	distance	ντιστανκε	936
510	divert	ντιβερτ	767
511	divide	ντιβιντε	727
512	divorce	ντιβορκε	557
513	dizzy	ντιζζυ	774
514	doctor	ντοκτορ	910
515	document	ντοκυμεντ	1235
516	dog	ντογκ	443
517	doll	ντολλ	480
518	dolphin	ντολπηιν	598
519	domain	ντομαιν	521
520	donate	ντονατε	776
521	donkey	ντονκευ	895
522	donor	ντονορ	640
523	door	ντοορ	590
524	dose	ντοσε	625
525	double	ντουμπλε	975
526	dove	ντοβε	427
527	draft	ντραφτ	1251
528	dragon	ντραγκον	594
529	drama	ντραμα	492
530	drastic	ντραστικ	981
531	draw	ντραυ	851
532	dream	ντρεαμ	496
533	dress	ντρεσς	855
534	drift	ντριφτ	1260
535	drill	ντριλλ	520
536	drink	ντρινκ	530
537	drip	ντριπ	540
538	drive	ντριβε	467
539	drop	ντροπ	600
540	drum	ντρυμ	890
541	dry	ντρυ	850
542	duck	ντυκκ	790
543	dumb	ντυμμπ	910
544	dune	ντυνε	805
545	during	ντυρινγκ	933
546	dust	ντυστ	1250
547	dutch	ντυτκη	1078
548	duty	ντυτυ	1450
549	dwarf	ντυαρφ	1351
550	dynamic	ντυναμικ	871
551	eager	εαγκερ	134
552	eagle	εαγκλε	64
553	early	εαρλυ	536
554	earn	εαρν	156
555	earth	εαρτη	414
556	easily	εασιλυ	646
557	east	εαστ	506
558	easy	εασυ	606
559	echo	εκηο	103
560	ecology	εκολογκυ	618
561	economy	εκονομυ	655
562	edge	εντγκε	383
563	edit	εντιτ	665
564	educate	εντυκατε	1081
565	effort	εφφορτ	1475
566	egg	εγκγκ	51
567	eight	ειγκητ	346
568	either	ειτηερ	428
569	elbow	ελμπου	625
570	elder	ελντερ	490
571	electric	ελεκτρικ	490
572	elegant	ελεγκαντ	414
573	element	ελεμεντ	435
574	elephant	ελεπηαντ	479
575	elevator	ελεβατορ	513
576	elite	ελιτε	350
577	else	ελσε	240
578	embark	εμμπαρκ	286
579	embody	εμμποντυ	985
580	embrace	εμμπρακε	291
581	emerge	εμεργκε	178
582	emotion	εμοτιον	545
583	employ	εμπλου	625
584	empower	εμπουερ	700
585	empty	εμπτυ	825
586	enable	εναμπλε	211
587	enact	ενακτ	376
588	end	ενντ	405
589	endless	ενντλεσς	840
590	endorse	ενντορσε	780
591	enemy	ενεμυ	500
592	energy	ενεργκυ	583
593	enforce	ενφορκε	750
594	engage	ενγκαγκε	107
595	engine	ενγκινε	143
596	enhance	ενηανκε	139
597	enjoy	εντζου	832
598	enlist	ενλιστ	595
599	enough	ενουγκη	556
600	enrich	ενρικη	193
601	enroll	ενρολλ	285
602	ensure	ενσυρε	760
603	enter	εντερ	460
604	entire	εντιρε	470
605	entry	εντρυ	855
606	envelope	ενβελοπε	247
607	episode	επισοντε	720
608	equal	εκυαλ	456
609	equip	εκυιπ	515
610	era	ερα	106
611	erase	ερασε	311
612	erode	εροντε	530
613	erosion	εροσιον	505
614	error	ερρορ	375
615	erupt	ερυπτ	885
616	escape	εσκαπε	311
617	essay	εσσαυ	806
618	essence	εσσενκε	485
619	estate	εστατε	811
620	eternal	ετερναλ	491
621	ethics	ετηικς	543
622	evidence	εβιντενκε	447
623	evil	εβιλ	47
624	evoke	εβοκε	102
625	evolve	εβολβε	114
626	exact	εξακτ	386
627	example	εξαμπλε	221
628	excess	εξκεσς	490
629	exchange	εξκηανγκε	172
630	excite	εξκιτε	400
631	exclude	εξκλυντε	870
632	excuse	εξκυσε	690
633	execute	εξεκυτε	795
634	exercise	εξερκισε	405
635	exhaust	εξηαυστ	974
636	exhibit	εξηιμπιτ	513
637	exile	εξιλε	110
638	exist	εξιστ	575
639	exit	εξιτ	375
640	exotic	εξοτικ	465
641	expand	εξπανντ	546
642	expect	εξπεκτ	470
643	expire	εξπιρε	260
644	explain	εξπλαιν	236
645	expose	εξποσε	420
646	express	εξπρεσς	650
647	extend	εξτενντ	770
648	extra	εξτρα	466
649	eye	ευε	410
650	eyebrow	ευεμπρου	1100
651	fabric	φαμπρικ	751
652	face	φακε	526
653	faculty	φακυλτυ	1651
654	fade	φαντε	856
655	faint	φαιντ	861
656	faith	φαιτη	819
657	fall	φαλλ	561
658	false	φαλσε	736
659	fame	φαμε	546
660	family	φαμιλυ	981
661	famous	φαμους	1211
662	fan	φαν	551
663	fancy	φανκυ	971
664	fantasy	φαντασυ	1452
665	farm	φαρμ	641
666	fashion	φασηιον	839
667	fat	φατ	801
668	fatal	φαταλ	832
669	father	φατηερ	914
670	fatigue	φατιγκυε	1239
671	fault	φαυλτ	1231
672	favorite	φαβοριτε	988
673	feature	φεατυρε	1311
674	february	φεμπρυαρυ	1626
675	federal	φεντεραλ	991
676	fee	φεε	510
677	feed	φεεντ	860
678	feel	φεελ	540
679	female	φεμαλε	581
680	fence	φενκε	580
681	festival	φεστιβαλ	1048
682	fetch	φετκη	833
683	fever	φεβερ	612
684	few	φευ	905
685	fiber	φιμπερ	735
686	fiction	φικτιον	960
687	field	φιελντ	895
688	figure	φιγκυρε	1038
689	file	φιλε	545
690	film	φιλμ	580
691	filter	φιλτερ	945
692	final	φιναλ	591
693	find	φινντ	910
694	fine	φινε	565
695	finger	φινγκερ	688
696	finish	φινιση	778
697	fire	φιρε	615
698	firm	φιρμ	650
699	first	φιρστ	1110
700	fiscal	φισκαλ	761
701	fish	φιση	718
702	fit	φιτ	810
703	fitness	φιτνεσς	1265
704	fix	φιξ	570
705	flag	φλαγκ	554
706	flame	φλαμε	576
707	flash	φλαση	739
708	flat	φλατ	831
709	flavor	φλαβορ	703
710	flee	φλεε	540
711	flight	φλιγκητ	871
712	flip	φλιπ	620
713	float	φλοατ	901
714	flock	φλοκκ	640
715	floor	φλοορ	770
716	flower	φλουερ	1105
717	fluid	φλυιντ	1290
718	flush	φλυση	1138
719	fly	φλυ	930
720	foam	φοαμ	611
721	focus	φοκυς	1190
722	fog	φογκ	593
723	foil	φοιλ	610
724	fold	φολντ	950
725	follow	φολλου	1100
726	food	φοοντ	990
727	foot	φοοτ	940
728	force	φορκε	695
729	forest	φορεστ	1175
730	forget	φοργκετ	998
731	fork	φορκ	690
732	fortune	φορτυνε	1425
733	forum	φορυμ	1110
734	forward	φορυαρντ	1521
735	fossil	φοσσιλ	1010
736	foster	φοστερ	1175
737	found	φουνντ	1370
738	fox	φοξ	630
739	fragile	φραγκιλε	669
740	frame	φραμε	646
741	frequent	φρεκυεντ	1380
742	fresh	φρεση	813
743	friend	φριενντ	1015
744	fringe	φρινγκε	688
745	frog	φρογκ	693
746	front	φροντ	1020
747	frost	φροστ	1170
748	frown	φρουν	1120
749	frozen	φροζεν	732
750	fruit	φρυιτ	1310
751	fuel	φυελ	935
752	fun	φυν	950
753	funny	φυννυ	1400
754	furnace	φυρνακε	1076
755	fury	φυρυ	1400
756	future	φυτυρε	1705
757	gadget	γκαντγκετ	702
758	gain	γκαιν	84
759	galaxy	γκαλαξυ	515
760	gallery	γκαλλερυ	589
761	game	γκαμε	69
762	gap	γκαπ	104
763	garage	γκαραγκε	153
764	garbage	γκαρμπαγκε	273
765	garden	γκαρντεν	529
766	garlic	γκαρλικ	184
767	garment	γκαρμεντ	519
768	gas	γκας	224
769	gasp	γκασπ	304
770	gate	γκατε	329
771	gather	γκατηερ	437
772	gauge	γκαυγκε	452
773	gaze	γκαζε	36
774	general	γκενεραλ	214
775	genius	γκενιυς	688
776	genre	γκενρε	183
777	gentle	γκεντλε	413
778	genuine	γκενυινε	543
779	gesture	γκεστυρε	1033
780	ghost	γκηοστ	601
781	giant	γκιαντ	384
782	gift	γκιφτ	833
783	giggle	γκιγκγκλε	114
784	ginger	γκινγκερ	211
785	giraffe	γκιραφφε	1139
786	girl	γκιρλ	163
787	give	γκιβε	40
788	glad	γκλαντ	404
789	glance	γκλανκε	129
790	glare	γκλαρε	159
791	glass	γκλασς	454
792	glide	γκλιντε	418
793	glimpse	γκλιμπσε	388
794	globe	γκλομπε	248
795	gloom	γκλοομ	233
796	glory	γκλορυ	623
797	glove	γκλοβε	130
798	glow	γκλου	523
799	glue	γκλυε	458
800	goat	γκοατ	394
801	goddess	γκοντντεσς	1198
802	gold	γκολντ	473
803	good	γκοοντ	513
804	goose	γκοοσε	368
805	gorilla	γκοριλλα	264
806	gospel	γκοσπελ	408
807	gossip	γκοσσιπ	583
808	govern	γκοβερν	250
809	gown	γκουν	543
810	grab	γκραμπ	244
811	grace	γκρακε	149
812	grain	γκραιν	184
813	grant	γκραντ	474
814	grape	γκραπε	209
815	grass	γκρασς	524
816	gravity	γκραβιτυ	836
817	great	γκρεατ	429
818	green	γκρεεν	183
819	grid	γκριντ	483
820	grief	γκριεφ	638
821	grit	γκριτ	433
822	grocery	γκροκερυ	718
823	group	γκρουπ	673
824	grow	γκρου	593
825	grunt	γκρυντ	873
826	guard	γκυαρντ	874
827	guess	γκυεσς	828
828	guide	γκυιντε	788
829	guilt	γκυιλτ	763
830	guitar	γκυιταρ	834
831	gun	γκυν	473
832	gym	γκυμ	463
833	habit	ηαμπιτ	439
834	hair	ηαιρ	119
835	half	ηαλφ	539
836	hammer	ηαμμερ	194
837	hamster	ηαμστερ	654
838	hand	ηανντ	409
839	happy	ηαππυ	569
840	harbor	ηαρμπορ	399
841	hard	ηαρντ	459
842	harsh	ηαρση	317
843	harvest	ηαρβεστ	616
844	hat	ηατ	309
845	have	ηαβε	16
846	hawk	ηαυκ	429
847	hazard	ηαζαρντ	467
848	head	ηεαντ	364
849	health	ηεαλτη	352
850	heart	ηεαρτ	414
851	heavy	ηεαβυ	416
852	hedgehog	ηεντγκεηογκ	492
853	height	ηειγκητ	354
854	hello	ηελλο	143
855	helmet	ηελμετ	388
856	help	ηελπ	123
857	hen	ηεν	63
858	hero	ηερο	183
859	hidden	ηιντντεν	773
860	high	ηιγκη	49
861	hill	ηιλλ	78
862	hint	ηιντ	368
863	hip	ηιπ	98
864	hire	ηιρε	123
865	history	ηιστορυ	1088
866	hobby	ηομπμπυ	718
867	hockey	ηοκκευ	523
868	hold	ηολντ	458
869	hole	ηολε	113
870	holiday	ηολινταυ	869
871	hollow	ηολλου	608
872	home	ηομε	123
873	honey	ηονευ	533
874	hood	ηοοντ	498
875	hope	ηοπε	163
876	horn	ηορν	228
877	horror	ηορρορ	448
878	horse	ηορσε	383
879	hospital	ηοσπιταλ	699
880	host	ηοστ	578
881	hotel	ηοτελ	413
882	hour	ηουρ	578
883	hover	ηοβερ	185
884	hub	ηυμπ	528
885	huge	ηυγκε	436
886	human	ηυμαν	499
887	humble	ηυμμπλε	603
888	humor	ηυμορ	618
889	hundred	ηυνντρεντ	1263
890	hungry	ηυνγκρυ	981
891	hunt	ηυντ	758
892	hurdle	ηυρντλε	893
893	hurry	ηυρρυ	1008
894	hurt	ηυρτ	808
895	husband	ηυσμπανντ	1129
896	hybrid	ηυμπριντ	988
897	ice	ικε	35
898	icon	ικον	150
899	idea	ιντεα	366
900	identify	ιντεντιφυ	1625
901	idle	ιντλε	395
902	ignore	ιγκνορε	258
903	ill	ιλλ	70
904	illegal	ιλλεγκαλ	129
905	illness	ιλλνεσς	525
906	image	ιμαγκε	79
907	imitate	ιμιτατε	666
908	immense	ιμμενσε	350
909	immune	ιμμυνε	545
910	impact	ιμπακτ	451
911	impose	ιμποσε	405
912	improve	ιμπροβε	307
913	impulse	ιμπυλσε	765
914	inch	ινκη	88
915	include	ινκλυντε	865
916	income	ινκομε	195
917	increase	ινκρεασε	391
918	index	ινντεξ	475
919	indicate	ινντικατε	746
920	indoor	ινντοορ	650
921	industry	ινντυστρυ	1810
922	infant	ινφαντ	911
923	inflict	ινφλικτ	920
924	inform	ινφορμ	770
925	inhale	ινηαλε	104
926	inherit	ινηεριτ	483
927	initial	ινιτιαλ	411
928	inject	ιντζεκτ	692
929	injury	ιντζυρυ	1267
930	inmate	ινματε	406
931	inner	ιννερ	215
932	innocent	ιννοκεντ	555
933	input	ινπυτ	840
934	inquiry	ινκυιρυ	990
935	insane	ινσανε	316
936	insect	ινσεκτ	585
937	inside	ινσιντε	625
938	inspire	ινσπιρε	455
939	install	ινσταλλ	621
940	intact	ιντακτ	681
941	interest	ιντερεστ	970
942	into	ιντο	430
943	invest	ινβεστ	567
944	invite	ινβιτε	377
945	involve	ινβολβε	169
946	iron	ιρον	230
947	island	ισλανντ	641
948	isolate	ισολατε	616
949	issue	ισσυε	815
950	item	ιτεμ	355
951	ivory	ιβορυ	582
952	jacket	τζακκετ	653
953	jaguar	τζαγκυαρ	832
954	jar	τζαρ	408
955	jazz	τζαζζ	322
956	jealous	τζεαλους	1013
957	jeans	τζεανς	563
958	jelly	τζελλυ	772
959	jewel	τζευελ	747
960	job	τζομπ	497
961	join	τζοιν	437
962	joke	τζοκε	402
963	journey	τζουρνευ	1332
964	joy	τζου	777
965	judge	τζυντγκε	1085
966	juice	τζυικε	742
967	jump	τζυμπ	827
968	jungle	τζυνγκλε	815
969	junior	τζυνιορ	937
970	junk	τζυνκ	777
971	just	τζυστ	1207
972	kangaroo	κανγκαροο	335
973	keen	κεεν	80
974	keep	κεεπ	110
975	ketchup	κετκηυπ	833
976	key	κευ	425
977	kick	κικκ	70
978	kid	κιντ	380
979	kidney	κιντνευ	835
980	kind	κινντ	430
981	kingdom	κινγκντομ	563
982	kiss	κισς	430
983	kit	κιτ	330
984	kitchen	κιτκηεν	413
985	kite	κιτε	335
986	kitten	κιττεν	685
987	kiwi	κιυι	440
988	knee	κνεε	80
989	knife	κνιφε	585
990	knock	κνοκκ	180
991	know	κνου	540
992	lab	λαμπ	151
993	label	λαμπελ	186
994	labor	λαμπορ	321
995	ladder	λαντντερ	836
996	lady	λαντυ	781
997	lake	λακε	56
998	lamp	λαμπ	151
999	language	λανγκυαγκε	533
1000	laptop	λαπτοπ	561
1001	large	λαργκε	159
1002	later	λατερ	436
1003	latin	λατιν	391
1004	laugh	λαυγκη	462
1005	laundry	λαυνντρυ	1331
1006	lava	λαβα	34
1007	law	λαυ	431
1008	lawn	λαυν	481
1009	lawsuit	λαυσυιτ	1341
1010	layer	λαυερ	536
1011	lazy	λαζυ	438
1012	leader	λεαντερ	491
1013	leaf	λεαφ	536
1014	learn	λεαρν	186
1015	leave	λεαβε	43
1016	lecture	λεκτυρε	860
1017	left	λεφτ	835
1018	leg	λεγκ	58
1019	legal	λεγκαλ	89
1020	legend	λεγκενντ	463
1021	leisure	λεισυρε	750
1022	lemon	λεμον	195
1023	lend	λενντ	435
1024	length	λενγκτη	416
1025	lens	λενς	285
1026	leopard	λεοπαρντ	636
1027	lesson	λεσσον	555
1028	letter	λεττερ	740
1029	level	λεβελ	72
1030	liar	λιαρ	141
1031	liberty	λιμπερτυ	965
1032	library	λιμπραρυ	761
1033	license	λικενσε	320
1034	life	λιφε	545
1035	lift	λιφτ	840
1036	light	λιγκητ	371
1037	like	λικε	65
1038	limb	λιμμπ	200
1039	limit	λιμιτ	390
1040	link	λινκ	110
1041	lion	λιον	160
1042	liquid	λικυιντ	820
1043	list	λιστ	540
1044	little	λιττλε	675
1045	live	λιβε	47
1046	lizard	λιζαρντ	498
1047	load	λοαντ	451
1048	loan	λοαν	151
1049	lobster	λομπστερ	825
1050	local	λοκαλ	151
1051	lock	λοκκ	140
1052	logic	λογκικ	153
1053	lonely	λονελυ	585
1054	long	λονγκ	173
1055	loop	λοοπ	250
1056	lottery	λοττερυ	1205
1057	loud	λουντ	850
1058	lounge	λουνγκε	578
1059	love	λοβε	107
1060	loyal	λουαλ	531
1061	lucky	λυκκυ	870
1062	luggage	λυγκγκαγκε	505
1063	lumber	λυμμπερ	695
1064	lunar	λυναρ	581
1065	lunch	λυνκη	508
1066	luxury	λυξυρυ	1390
1067	lyrics	λυρικς	760
1068	machine	μακηινε	134
1069	mad	μαντ	391
1070	magic	μαγκικ	94
1071	magnet	μαγκνετ	419
1072	maid	μαιντ	401
1073	mail	μαιλ	81
1074	main	μαιν	101
1075	major	ματζορ	518
1076	make	μακε	66
1077	mammal	μαμμαλ	152
1078	man	μαν	91
1079	manage	μαναγκε	120
1080	mandate	μανντατε	747
1081	mango	μανγκο	184
1082	mansion	μανσιον	421
1083	manual	μανυαλ	522
1084	maple	μαπλε	156
1085	marble	μαρμπλε	296
1086	march	μαρκη	169
1087	margin	μαργκιν	224
1088	marine	μαρινε	206
1089	market	μαρκετ	466
1090	marriage	μαρριαγκε	280
1091	mask	μασκ	261
1092	mass	μασς	441
1093	master	μαστερ	646
1094	match	ματκη	369
1095	material	ματεριαλ	487
1096	math	ματη	349
1097	matrix	ματριξ	511
1098	matter	ματτερ	746
1099	maximum	μαξιμυμ	591
1100	maze	μαζε	53
1101	meadow	μεαντου	866
1102	mean	μεαν	96
1103	measure	μεασυρε	751
1104	meat	μεατ	346
1105	mechanic	μεκηανικ	154
1106	medal	μενταλ	426
1107	media	μεντια	406
1108	melody	μελοντυ	895
1109	melt	μελτ	375
1110	member	μεμμπερ	310
1111	memory	μεμορυ	655
1112	mention	μεντιον	525
1113	menu	μενυ	495
1114	mercy	μερκυ	565
1115	merge	μεργκε	173
1116	merit	μεριτ	455
1117	merry	μερρυ	645
1118	mesh	μεση	253
1119	message	μεσσαγκε	474
1120	metal	μεταλ	376
1121	method	μετηοντ	773
1122	middle	μιντντλε	785
1123	midnight	μιντνιγκητ	791
1124	milk	μιλκ	100
1125	million	μιλλιον	240
1126	mimic	μιμικ	120
1127	mind	μινντ	450
1128	minimum	μινιμυμ	590
1129	minor	μινορ	270
1130	minute	μινυτε	805
1131	miracle	μιρακλε	206
1132	mirror	μιρρορ	420
1133	misery	μισερυ	755
1134	miss	μισς	450
1135	mistake	μιστακε	576
1136	mix	μιξ	110
1137	mixed	μιξεντ	465
1138	mixture	μιξτυρε	915
1139	mobile	μομπιλε	275
1140	model	μοντελ	495
1141	modify	μοντιφυ	1370
1142	mom	μομ	150
1143	moment	μομεντ	505
1144	monitor	μονιτορ	640
1145	monkey	μονκευ	585
1146	monster	μονστερ	765
1147	month	μοντη	468
1148	moon	μοον	230
1149	moral	μοραλ	241
1150	more	μορε	215
1151	morning	μορνινγκ	343
1152	mosquito	μοσκυιτο	1110
1153	mother	μοτηερ	523
1154	motion	μοτιον	540
1155	motor	μοτορ	580
1156	mountain	μουνταιν	921
1157	mouse	μουσε	715
1158	move	μοβε	117
1159	movie	μοβιε	127
1160	much	μυκη	468
1161	muffin	μυφφιν	1500
1162	mule	μυλε	475
1163	multiply	μυλτιπλυ	1290
1164	muscle	μυσκλε	695
1165	museum	μυσευμ	1085
1166	mushroom	μυσηροομ	928
1167	music	μυσικ	670
1168	must	μυστ	940
1169	mutual	μυτυαλ	1171
1170	myself	μυσελφ	1175
1171	mystery	μυστερυ	1445
1172	myth	μυτη	748
1173	naive	ναιβε	68
1174	name	ναμε	96
1175	napkin	ναπκιν	211
1176	narrow	ναρρου	721
1177	nasty	ναστυ	951
1178	nation	νατιον	481
1179	nature	νατυρε	856
1180	near	νεαρ	156
1181	neck	νεκκ	95
1182	need	νεεντ	410
1183	negative	νεγκατιβε	396
1184	neglect	νεγκλεκτ	433
1185	neither	νειτηερ	478
1186	nephew	νεπηευ	548
1187	nerve	νερβε	162
1188	nest	νεστ	555
1189	net	νετ	355
1190	network	νετυορκ	945
1191	neutral	νευτραλ	886
1192	never	νεβερ	162
1193	news	νευς	655
1194	next	νεξτ	415
1195	nice	νικε	85
1196	night	νιγκητ	391
1197	noble	νομπλε	275
1198	noise	νοισε	335
1199	nominee	νομινεε	230
1200	noodle	νοοντλε	575
1201	normal	νορμαλ	291
1202	north	νορτη	528
1203	nose	νοσε	325
1204	notable	νοταμπλε	576
1205	note	νοτε	425
1206	nothing	νοτηινγκ	511
1207	notice	νοτικε	455
1208	novel	νοβελ	157
1209	now	νου	520
1210	nuclear	νυκλεαρ	606
1211	number	νυμμπερ	715
1212	nurse	νυρσε	755
1213	nut	νυτ	750
1214	oak	οακ	91
1215	obey	ομπευ	595
1216	object	ομπτζεκτ	822
1217	oblige	ομπλιγκε	258
1218	obscure	ομπσκυρε	915
1219	observe	ομπσερβε	502
1220	obtain	ομπταιν	551
1221	obvious	ομπβιους	872
1222	occur	οκκυρ	610
1223	ocean	οκεαν	146
1224	october	οκτομπερ	685
1225	odor	οντορ	590
1226	off	οφφ	1070
1227	offer	οφφερ	1175
1228	office	οφφικε	1105
1229	often	οφτεν	925
1230	oil	οιλ	110
1231	okay	οκαυ	491
1232	old	ολντ	450
1233	olive	ολιβε	117
1234	olympic	ολυμπικ	650
1235	omit	ομιτ	420
1236	once	ονκε	145
1237	one	ονε	125
1238	onion	ονιον	250
1239	online	ονλινε	215
1240	only	ονλυ	550
1241	open	οπεν	205
1242	opera	οπερα	256
1243	opinion	οπινιον	340
1244	oppose	οπποσε	505
1245	option	οπτιον	580
1246	orange	ορανγκε	249
1247	orbit	ορμπιτ	600
1248	orchard	ορκηαρντ	649
1249	order	ορντερ	625
1250	ordinary	ορντιναρυ	1081
1251	organ	οργκαν	244
1252	orient	οριεντ	535
1253	original	οριγκιναλ	294
1254	orphan	ορπηαν	309
1255	ostrich	οστρικη	708
1256	other	οτηερ	483
1257	outdoor	ουτντοορ	1360
1258	outer	ουτερ	875
1259	output	ουτπυτ	1550
1260	outside	ουτσιντε	1335
1261	oval	οβαλ	103
1262	oven	οβεν	127
1263	over	οβερ	177
1264	own	ουν	520
1265	owner	ουνερ	625
1266	oxygen	οξυγκεν	608
1267	oyster	ουστερ	1075
1268	ozone	οζονε	202
1269	pact	πακτ	401
1270	paddle	παντντλε	816
1271	page	παγκε	109
1272	pair	παιρ	191
1273	palace	παλακε	137
1274	palm	παλμ	151
1275	panda	πανντα	482
1276	panel	πανελ	166
1277	panic	πανικ	161
1278	panther	παντηερ	544
1279	paper	παπερ	266
1280	parade	παραντε	537
1281	parent	παρεντ	536
1282	park	παρκ	201
1283	parrot	παρροτ	651
1284	party	παρτυ	881
1285	pass	πασς	481
1286	patch	πατκη	409
1287	path	πατη	389
1288	patient	πατιεντ	746
1289	patrol	πατρολ	581
1290	pattern	παττερν	836
1291	pause	παυσε	686
1292	pave	παβε	88
1293	payment	παυμεντ	876
1294	peace	πεακε	111
1295	peanut	πεανυτ	836
1296	pear	πεαρ	186
1297	peasant	πεασαντ	637
1298	pelican	πελικαν	196
1299	pen	πεν	135
1300	penalty	πεναλτυ	866
1301	pencil	πενκιλ	195
1302	people	πεοπλε	270
1303	pepper	πεππερ	350
1304	perfect	περφεκτ	1010
1305	permit	περμιτ	535
1306	person	περσον	505
1307	pet	πετ	385
1308	phone	πηονε	213
1309	photo	πηοτο	528
1310	phrase	πηρασε	394
1311	physical	πηυσικαλ	749
1312	piano	πιανο	211
1313	picnic	πικνικ	190
1314	picture	πικτυρε	915
1315	piece	πιεκε	120
1316	pig	πιγκ	113
1317	pigeon	πιγκεον	238
1318	pill	πιλλ	150
1319	pilot	πιλοτ	490
1320	pink	πινκ	160
1321	pioneer	πιονεερ	320
1322	pipe	πιπε	175
1323	pistol	πιστολ	690
1324	pitch	πιτκη	418
1325	pizza	πιζζα	105
1326	place	πλακε	136
1327	planet	πλανετ	466
1328	plastic	πλαστικ	641
1329	plate	πλατε	416
1330	play	πλαυ	511
1331	please	πλεασε	321
1332	pledge	πλεντγκε	493
1333	pluck	πλυκκ	550
1334	plug	πλυγκ	533
1335	plunge	πλυνγκε	588
1336	poem	ποεμ	195
1337	poet	ποετ	455
1338	point	ποιντ	510
1339	polar	πολαρ	281
1340	pole	πολε	185
1341	police	πολικε	215
1342	pond	πονντ	550
1343	pony	πονυ	600
1344	pool	ποολ	250
1345	popular	ποπυλαρ	761
1346	portion	πορτιον	680
1347	position	ποσιτιον	790
1348	possible	ποσσιμπλε	715
1349	post	ποστ	650
1350	potato	ποτατο	821
1351	pottery	ποττερυ	1255
1352	poverty	ποβερτυ	957
1353	powder	πουντερ	1005
1354	power	πουερ	655
1355	practice	πρακτικε	536
1356	praise	πραισε	396
1357	predict	πρεντικτ	865
1358	prefer	πρεφερ	790
1359	prepare	πρεπαρε	371
1360	present	πρεσεντ	740
1361	pretty	πρεττυ	1185
1362	prevent	πρεβεντ	542
1363	price	πρικε	215
1364	pride	πριντε	545
1365	primary	πριμαρυ	731
1366	print	πριντ	540
1367	priority	πριοριτυ	1070
1368	prison	πρισον	510
1369	private	πριβατε	498
1370	prize	πριζε	202
1371	problem	προμπλεμ	445
1372	process	προκεσς	675
1373	produce	προντυκε	1025
1374	profit	προφιτ	1060
1375	program	προγκραμ	414
1376	project	προτζεκτ	882
1377	promote	προμοτε	665
1378	proof	προοφ	820
1379	property	προπερτυ	1135
1380	prosper	προσπερ	635
1381	protect	προτεκτ	875
1382	proud	προυντ	1000
1383	provide	προβιντε	617
1384	public	πυμπλικ	660
1385	pudding	πυντντινγκ	1263
1386	pull	πυλλ	540
1387	pulp	πυλπ	590
1388	pulse	πυλσε	715
1389	pumpkin	πυμπκιν	680
1390	punch	πυνκη	558
1391	pupil	πυπιλ	600
1392	puppy	πυππυ	1040
1393	purchase	πυρκηασε	814
1394	purity	πυριτυ	1290
1395	purpose	πυρποσε	935
1396	purse	πυρσε	785
1397	push	πυση	688
1398	put	πυτ	780
1399	puzzle	πυζζλε	529
1400	pyramid	πυραμιντ	981
1401	quality	κυαλιτυ	1161
1402	quantum	κυαντυμ	1211
1403	quarter	κυαρτερ	926
1404	question	κυεστιον	1055
1405	quick	κυικκ	470
1406	quit	κυιτ	730
1407	quiz	κυιζ	437
1408	quote	κυοτε	795
1409	rabbit	ραμπμπιτ	651
1410	raccoon	ρακκοον	331
1411	race	ρακε	126
1412	rack	ρακκ	141
1413	radar	ρανταρ	552
1414	radio	ραντιο	531
1415	rail	ραιλ	141
1416	rain	ραιν	161
1417	raise	ραισε	316
1418	rally	ραλλυ	561
1419	ramp	ραμπ	221
1420	ranch	ρανκη	179
1421	random	ρανντομ	611
1422	range	ρανγκε	179
1423	rapid	ραπιντ	541
1424	rare	ραρε	206
1425	rate	ρατε	406
1426	rather	ρατηερ	514
1427	raven	ραβεν	158
1428	raw	ραυ	501
1429	razor	ραζορ	278
1430	ready	ρεαντυ	856
1431	real	ρεαλ	136
1432	reason	ρεασον	426
1433	rebel	ρεμπελ	260
1434	rebuild	ρεμπυιλντ	1015
1435	recall	ρεκαλλ	186
1436	receive	ρεκειβε	147
1437	recipe	ρεκιπε	220
1438	record	ρεκορντ	645
1439	recycle	ρεκυκλε	580
1440	reduce	ρεντυκε	880
1441	reflect	ρεφλεκτ	960
1442	reform	ρεφορμ	815
1443	refuse	ρεφυσε	1210
1444	region	ρεγκιον	258
1445	regret	ρεγκρετ	533
1446	regular	ρεγκυλαρ	659
1447	reject	ρετζεκτ	737
1448	relax	ρελαξ	196
1449	release	ρελεασε	346
1450	relief	ρελιεφ	650
1451	rely	ρελυ	535
1452	remain	ρεμαιν	206
1453	remember	ρεμεμμπερ	415
1454	remind	ρεμινντ	555
1455	remove	ρεμοβε	222
1456	render	ρενντερ	610
1457	renew	ρενευ	560
1458	rent	ρεντ	455
1459	reopen	ρεοπεν	310
1460	repair	ρεπαιρ	296
1461	repeat	ρεπεατ	491
1462	replace	ρεπλακε	241
1463	report	ρεπορτ	655
1464	require	ρεκυιρε	640
1465	rescue	ρεσκυε	730
1466	resemble	ρεσεμμπλε	505
1467	resist	ρεσιστ	815
1468	resource	ρεσουρκε	900
1469	response	ρεσπονσε	710
1470	result	ρεσυλτ	1035
1471	retire	ρετιρε	520
1472	retreat	ρετρεατ	811
1473	return	ρετυρν	955
1474	reunion	ρευνιον	685
1475	reveal	ρεβεαλ	143
1476	review	ρεβιευ	522
1477	reward	ρευαρντ	956
1478	rhythm	ρηυτημ	856
1479	rib	ριμπ	230
1480	ribbon	ριμπμπον	470
1481	rice	ρικε	135
1482	rich	ρικη	138
1483	ride	ριντε	465
1484	ridge	ριντγκε	488
1485	rifle	ριφλε	645
1486	right	ριγκητ	441
1487	rigid	ριγκιντ	493
1488	ring	ρινγκ	183
1489	riot	ριοτ	480
1490	ripple	ριππλε	305
1491	risk	ρισκ	330
1492	ritual	ριτυαλ	841
1493	rival	ριβαλ	143
1494	river	ριβερ	217
1495	road	ροαντ	521
1496	roast	ροαστ	671
1497	robot	ρομποτ	660
1498	robust	ρομπυστ	1190
1499	rocket	ροκκετ	515
1500	romance	ρομανκε	286
1501	roof	ροοφ	740
1502	rookie	ροοκιε	275
1503	room	ροομ	280
1504	rose	ροσε	375
1505	rotate	ροτατε	776
1506	rough	ρουγκη	601
1507	round	ρουνντ	970
1508	route	ρουτε	875
1509	royal	ρουαλ	601
1510	rubber	ρυμπμπερ	845
1511	rude	ρυντε	855
1512	rug	ρυγκ	523
1513	rule	ρυλε	535
1514	run	ρυν	550
1515	runway	ρυνυαυ	1351
1516	rural	ρυραλ	631
1517	sad	σαντ	551
1518	saddle	σαντντλε	936
1519	sadness	σαντνεσς	1006
1520	safe	σαφε	706
1521	sail	σαιλ	241
1522	salad	σαλαντ	582
1523	salmon	σαλμον	391
1524	salon	σαλον	351
1525	salt	σαλτ	531
1526	salute	σαλυτε	936
1527	same	σαμε	246
1528	sample	σαμπλε	356
1529	sand	σανντ	601
1530	satisfy	σατισφυ	1611
1531	satoshi	σατοσηι	789
1532	sauce	σαυκε	626
1533	sausage	σαυσαγκε	830
1534	save	σαβε	208
1535	say	σαυ	601
1536	scale	σκαλε	256
1537	scan	σκαν	271
1538	scare	σκαρε	326
1539	scatter	σκαττερ	926
1540	scene	σκενε	280
1541	scheme	σκηεμε	278
1542	school	σκηοολ	398
1543	science	σκιενκε	310
1544	scissors	σκισσορς	1000
1545	scorpion	σκορπιον	600
1546	scout	σκουτ	990
1547	scrap	σκραπ	401
1548	screen	σκρεεν	380
1549	script	σκριπτ	710
1550	scrub	σκρυμπ	840
1551	sea	σεα	206
1552	search	σεαρκη	334
1553	season	σεασον	526
1554	seat	σεατ	506
1555	second	σεκονντ	695
1556	secret	σεκρετ	630
1557	section	σεκτιον	655
1558	security	σεκυριτυ	1435
1559	seed	σεεντ	560
1560	seek	σεεκ	230
1561	segment	σεγκμεντ	623
1562	select	σελεκτ	560
1563	sell	σελλ	265
1564	seminar	σεμιναρ	406
1565	senior	σενιορ	435
1566	sense	σενσε	460
1567	sentence	σεντενκε	635
1568	series	σεριες	520
1569	service	σερβικε	342
1570	session	σεσσιον	735
1571	settle	σεττλε	840
1572	setup	σετυπ	985
1573	seven	σεβεν	262
1574	shadow	σηαντου	1029
1575	shaft	σηαφτ	1009
1576	shallow	σηαλλου	739
1577	share	σηαρε	314
1578	shed	σηεντ	563
1579	shell	σηελλ	273
1580	sheriff	σηεριφφ	1323
1581	shield	σηιελντ	603
1582	shift	σηιφτ	1018
1583	shine	σηινε	273
1584	ship	σηιπ	298
1585	shiver	σηιβερ	325
1586	shock	σηοκκ	318
1587	shoe	σηοε	283
1588	shoot	σηοοτ	648
1589	shop	σηοπ	358
1590	short	σηορτ	678
1591	shoulder	σηουλντερ	1163
1592	shove	σηοβε	285
1593	shrimp	σηριμπ	438
1594	shrug	σηρυγκ	731
1595	shuffle	σηυφφλε	1643
1596	shy	σηυ	608
1597	sibling	σιμπλινγκ	443
1598	sick	σικκ	250
1599	side	σιντε	565
1600	siege	σιεγκε	243
1601	sight	σιγκητ	541
1602	sign	σιγκν	283
1603	silent	σιλεντ	595
1604	silk	σιλκ	260
1605	silly	σιλλυ	670
1606	silver	σιλβερ	347
1607	similar	σιμιλαρ	391
1608	simple	σιμπλε	365
1609	since	σινκε	285
1610	sing	σινγκ	283
1611	siren	σιρεν	365
1612	sister	σιστερ	815
1613	situate	σιτυατε	1216
1614	six	σιξ	270
1615	size	σιζε	222
1616	skate	σκατε	526
1617	sketch	σκετκη	553
1618	ski	σκι	230
1619	skill	σκιλλ	290
1620	skin	σκιν	280
1621	skirt	σκιρτ	630
1622	skull	σκυλλ	680
1623	slab	σλαμπ	351
1624	slam	σλαμ	271
1625	sleep	σλεεπ	320
1626	slender	σλενντερ	740
1627	slice	σλικε	265
1628	slide	σλιντε	595
1629	slight	σλιγκητ	571
1630	slim	σλιμ	280
1631	slogan	σλογκαν	374
1632	slot	σλοτ	600
1633	slow	σλου	700
1634	slush	σλυση	838
1635	small	σμαλλ	301
1636	smart	σμαρτ	641
1637	smile	σμιλε	285
1638	smoke	σμοκε	335
1639	smooth	σμοοτη	688
1640	snack	σνακκ	291
1641	snake	σνακε	276
1642	snap	σναπ	331
1643	sniff	σνιφφ	1260
1644	snow	σνου	720
1645	soap	σοαπ	351
1646	soccer	σοκκερ	415
1647	social	σοκιαλ	331
1648	sock	σοκκ	310
1649	soda	σοντα	621
1650	soft	σοφτ	1070
1651	solar	σολαρ	401
1652	soldier	σολντιερ	765
1653	solid	σολιντ	660
1654	solution	σολυτιον	1130
1655	solve	σολβε	307
1656	someone	σομεονε	440
1657	song	σονγκ	343
1658	soon	σοον	390
1659	sorry	σορρυ	870
1660	sort	σορτ	670
1661	soul	σουλ	700
1662	sound	σουνντ	1070
1663	soup	σουπ	750
1664	source	σουρκε	795
1665	south	σουτη	978
1666	space	σπακε	306
1667	spare	σπαρε	386
1668	spatial	σπατιαλ	622
1669	spawn	σπαυν	731
1670	speak	σπεακ	306
1671	special	σπεκιαλ	346
1672	speed	σπεεντ	640
1673	spell	σπελλ	345
1674	spend	σπενντ	685
1675	sphere	σπηερε	398
1676	spice	σπικε	315
1677	spider	σπιντερ	745
1678	spike	σπικε	315
1679	spin	σπιν	340
1680	spirit	σπιριτ	700
1681	split	σπλιτ	620
1682	spoil	σποιλ	390
1683	sponsor	σπονσορ	770
1684	spoon	σποον	470
1685	sport	σπορτ	750
1686	spot	σποτ	650
1687	spray	σπραυ	781
1688	spread	σπρεαντ	736
1689	spring	σπρινγκ	463
1690	spy	σπυ	680
1691	square	σκυαρε	726
1692	squeeze	σκυεεζε	642
1693	squirrel	σκυιρρελ	865
1694	stable	σταμπλε	656
1695	stadium	σταντιυμ	1301
1696	staff	σταφφ	1501
1697	stage	σταγκε	529
1698	stairs	σταιρς	811
1699	stamp	σταμπ	621
1700	stand	στανντ	901
1701	start	σταρτ	901
1702	state	στατε	806
1703	stay	σταυ	901
1704	steak	στεακ	526
1705	steel	στεελ	540
1706	stem	στεμ	545
1707	step	στεπ	585
1708	stereo	στερεο	680
1709	stick	στικκ	550
1710	still	στιλλ	570
1711	sting	στινγκ	583
1712	stock	στοκκ	610
1713	stomach	στομακη	639
1714	stone	στονε	625
1715	stool	στοολ	670
1716	story	στορυ	1070
1717	stove	στοβε	577
1718	strategy	στρατεγκυ	1329
1719	street	στρεετ	910
1720	strike	στρικε	635
1721	strong	στρονγκ	743
1722	struggle	στρυγκγκλε	1081
1723	student	στυντεντ	1605
1724	stuff	στυφφ	1900
1725	stumble	στυμμπλε	1095
1726	style	στυλε	935
1727	subject	συμπτζεκτ	1352
1728	submit	συμπμιτ	1070
1729	subway	συμπυαυ	1521
1730	success	συκκεσς	1045
1731	such	συκη	628
1732	sudden	συντντεν	1355
1733	suffer	συφφερ	1705
1734	sugar	συγκαρ	724
1735	suggest	συγκγκεστ	1151
1736	suit	συιτ	910
1737	summer	συμμερ	785
1738	sun	συν	650
1739	sunny	συννυ	1100
1740	sunset	συνσετ	1155
1741	super	συπερ	785
1742	supply	συππλυ	1190
1743	supreme	συπρεμε	830
1744	sure	συρε	705
1745	surface	συρφακε	1226
1746	surge	συργκε	728
1747	surprise	συρπρισε	1095
1748	surround	συρρουνντ	1670
1749	survey	συρβευ	1107
1750	suspect	συσπεκτ	1205
1751	sustain	συσταιν	1161
1752	swallow	συαλλου	1131
1753	swamp	συαμπ	721
1754	swap	συαπ	681
1755	swarm	συαρμ	741
1756	swear	συεαρ	706
1757	sweet	συεετ	910
1758	swift	συιφτ	1410
1759	swim	συιμ	650
1760	swing	συινγκ	683
1761	switch	συιτκη	938
1762	sword	συορντ	1120
1763	symbol	συμμπολ	860
1764	symptom	συμπτομ	1130
1765	syrup	συρυπ	1180
1766	system	συστεμ	1145
1767	table	ταμπλε	456
1768	tackle	τακκλε	376
1769	tag	ταγκ	324
1770	tail	ταιλ	341
1771	talent	ταλεντ	686
1772	talk	ταλκ	351
1773	tank	τανκ	371
1774	tape	ταπε	386
1775	target	ταργκετ	729
1776	task	τασκ	521
1777	taste	ταστε	806
1778	tattoo	ταττοο	1041
1779	taxi	ταξι	371
1780	teach	τεακη	334
1781	team	τεαμ	346
1782	tell	τελλ	365
1783	ten	τεν	355
1784	tenant	τεναντ	706
1785	tennis	τεννις	615
1786	tent	τεντ	655
1787	term	τερμ	445
1788	test	τεστ	805
1789	text	τεξτ	665
1790	thank	τηανκ	379
1791	that	τηατ	609
1792	theme	τηεμε	358
1793	then	τηεν	363
1794	theory	τηεορυ	883
1795	there	τηερε	418
1796	they	τηευ	713
1797	thing	τηινγκ	391
1798	this	τηις	518
1799	thought	τηουγκητ	1109
1800	three	τηρεε	418
1801	thrive	τηριβε	425
1802	throw	τηρου	878
1803	thumb	τηυμμπ	868
1804	thunder	τηυνντερ	1213
1805	ticket	τικκετ	655
1806	tide	τιντε	665
1807	tiger	τιγκερ	438
1808	tilt	τιλτ	640
1809	timber	τιμμπερ	575
1810	time	τιμε	355
1811	tiny	τινυ	760
1812	tip	τιπ	390
1813	tired	τιρεντ	765
1814	tissue	τισσυε	1115
1815	title	τιτλε	645
1816	toast	τοαστ	871
1817	tobacco	τομπακκο	601
1818	today	τονταυ	1121
1819	toddler	τοντντλερ	1205
1820	toe	τοε	375
1821	together	τογκετηερ	811
1822	toilet	τοιλετ	715
1823	token	τοκεν	445
1824	tomato	τοματο	781
1825	tomorrow	τομορρου	1150
1826	tone	τονε	425
1827	tongue	τονγκυε	848
1828	tonight	τονιγκητ	761
1829	tool	τοολ	470
1830	tooth	τοοτη	748
1831	top	τοπ	450
1832	topic	τοπικ	480
1833	topple	τοππλε	565
1834	torch	τορκη	498
1835	tornado	τορναντο	941
1836	tortoise	τορτοισε	1055
1837	toss	τοσς	770
1838	total	τοταλ	701
1839	tourist	τουριστ	1380
1840	toward	τουαρντ	1221
1841	tower	τουερ	875
1842	town	τουν	820
1843	toy	του	770
1844	track	τρακκ	441
1845	trade	τραντε	756
1846	traffic	τραφφικ	1431
1847	tragic	τραγκικ	454
1848	train	τραιν	461
1849	transfer	τρανσφερ	1256
1850	trap	τραπ	481
1851	trash	τραση	609
1852	travel	τραβελ	438
1853	tray	τραυ	801
1854	treat	τρεατ	706
1855	tree	τρεε	410
1856	trend	τρενντ	805
1857	trial	τριαλ	441
1858	tribe	τριμπε	535
1859	trick	τρικκ	450
1860	trigger	τριγκγκερ	561
1861	trim	τριμ	450
1862	trip	τριπ	490
1863	trophy	τροπηυ	958
1864	trouble	τρουμπλε	1025
1865	truck	τρυκκ	840
1866	true	τρυε	805
1867	truly	τρυλυ	1230
1868	trumpet	τρυμπετ	1225
1869	trust	τρυστ	1300
1870	truth	τρυτη	1108
1871	try	τρυ	800
1872	tube	τυμπε	825
1873	tuition	τυιτιον	1140
1874	tumble	τυμμπλε	895
1875	tuna	τυνα	751
1876	tunnel	τυννελ	835
1877	turkey	τυρκευ	1225
1878	turn	τυρν	850
1879	turtle	τυρτλε	1135
1880	twelve	τυελβε	742
1881	twenty	τυεντυ	1455
1882	twice	τυικε	735
1883	twin	τυιν	760
1884	twist	τυιστ	1210
1885	two	τυο	770
1886	type	τυπε	785
1887	typical	τυπικαλ	841
1888	ugly	υγκλυ	853
1889	umbrella	υμμπρελλα	726
1890	unable	υναμπλε	606
1891	unaware	υναυαρε	957
1892	uncle	υνκλε	505
1893	uncover	υνκοβερ	647
1894	under	υνντερ	905
1895	undo	υνντο	870
1896	unfair	υνφαιρ	1061
1897	unfold	υνφολντ	1400
1898	unhappy	υνηαππυ	1019
1899	uniform	υνιφορμ	1170
1900	unique	υνικυε	885
1901	unit	υνιτ	760
1902	universe	υνιβερσε	772
1903	unknown	υνκνουν	1040
1904	unlock	υνλοκκ	590
1905	until	υντιλ	790
1906	unusual	υνυσυαλ	1481
1907	unveil	υνβειλ	497
1908	update	υπντατε	1136
1909	upgrade	υπγκραντε	959
1910	uphold	υπηολντ	938
1911	upon	υπον	600
1912	upper	υππερ	665
1913	upset	υπσετ	985
1914	urban	υρμπαν	671
1915	urge	υργκε	528
1916	usage	υσαγκε	629
1917	use	υσε	605
1918	used	υσεντ	955
1919	useful	υσεφυλ	1535
1920	useless	υσελεσς	1040
1921	usual	υσυαλ	1031
1922	utility	υτιλιτυ	1450
1923	vacant	βακαντ	374
1924	vacuum	βακυυμ	863
1925	vague	βαγκυε	431
1926	valid	βαλιντ	393
1927	valley	βαλλευ	468
1928	valve	βαλβε	40
1929	van	βαν	53
1930	vanish	βανιση	271
1931	vapor	βαπορ	253
1932	various	βαριους	783
1933	vast	βαστ	503
1934	vault	βαυλτ	733
1935	vehicle	βεηικλε	80
1936	velvet	βελβετ	344
1937	vendor	βενντορ	577
1938	venture	βεντυρε	862
1939	venue	βενυε	462
1940	verb	βερμπ	227
1941	verify	βεριφυ	1017
1942	version	βερσιον	437
1943	very	βερυ	507
1944	vessel	βεσσελ	442
1945	veteran	βετεραν	463
1946	viable	βιαμπλε	168
1947	vibrant	βιμπραντ	583
1948	vicious	βικιους	712
1949	victory	βικτορυ	902
1950	video	βιντεο	437
1951	view	βιευ	417
1952	village	βιλλαγκε	101
1953	vintage	βινταγκε	391
1954	violin	βιολιν	172
1955	virtual	βιρτυαλ	843
1956	virus	βιρυς	712
1957	visa	βισα	213
1958	visit	βισιτ	522
1959	visual	βισυαλ	643
1960	vital	βιταλ	343
1961	vivid	βιβιντ	374
1962	vocal	βοκαλ	123
1963	voice	βοικε	107
1964	void	βοιντ	432
1965	volcano	βολκανο	243
1966	volume	βολυμε	547
1967	vote	βοτε	377
1968	voyage	βουαγκε	501
1969	wage	υαγκε	429
1970	wagon	υαγκον	544
1971	wait	υαιτ	711
1972	walk	υαλκ	451
1973	wall	υαλλ	461
1974	walnut	υαλνυτ	1181
1975	want	υαντ	751
1976	warfare	υαρφαρε	1107
1977	warm	υαρμ	541
1978	warrior	υαρριορ	781
1979	wash	υαση	609
1980	wasp	υασπ	681
1981	waste	υαστε	906
1982	water	υατερ	806
1983	wave	υαβε	408
1984	way	υαυ	801
1985	wealth	υεαλτη	744
1986	weapon	υεαπον	606
1987	wear	υεαρ	506
1988	weasel	υεασελ	641
1989	weather	υεατηερ	819
1990	web	υεμπ	525
1991	wedding	υεντντινγκ	1188
1992	weekend	υεεκενντ	835
1993	weird	υειρντ	865
1994	welcome	υελκομε	570
1995	west	υεστ	905
1996	wet	υετ	705
1997	whale	υηαλε	444
1998	what	υηατ	709
1999	wheat	υηεατ	714
2000	wheel	υηεελ	448
2001	when	υηεν	463
2002	where	υηερε	518
2003	whip	υηιπ	498
2004	whisper	υηισπερ	803
2005	wide	υιντε	765
2006	width	υινττη	1068
2007	wife	υιφε	915
2008	wild	υιλντ	790
2009	will	υιλλ	470
2010	win	υιν	460
2011	window	υινντου	1280
2012	wine	υινε	465
2013	wing	υινγκ	483
2014	wink	υινκ	480
2015	winner	υιννερ	615
2016	winter	υιντερ	865
2017	wire	υιρε	515
2018	wisdom	υισντομ	1070
2019	wise	υισε	615
2020	wish	υιση	618
2021	witness	υιτνεσς	1165
2022	wolf	υολφ	1000
2023	woman	υομαν	561
2024	wonder	υονντερ	975
2025	wood	υοοντ	890
2026	wool	υοολ	570
2027	word	υορντ	920
2028	work	υορκ	590
2029	world	υορλντ	950
2030	worry	υορρυ	1070
2031	worth	υορτη	878
2032	wrap	υραπ	581
2033	wreck	υρεκκ	545
2034	wrestle	υρεστλε	1040
2035	wrist	υριστ	1010
2036	write	υριτε	815
2037	wrong	υρονγκ	643
2038	yard	υαρντ	851
2039	year	υεαρ	506
2040	yellow	υελλου	935
2041	you	υου	870
2042	young	υουνγκ	943
2043	youth	υουτη	1178
2044	zebra	ζεμπρα	233
2045	zero	ζερο	182
2046	zone	ζονε	132
2047	zoo	ζοο	147
